name,sex,zip,month,year
Avery Phillips,M,94709,3,1993
Grayson Rodriguez,M,94705,6,1998
Ethan Baker,M,94712,1,1998
Carter Wright,M,94720,7,1995
Elijah Young,M,94706,2,1996
Luke Parker,M,94720,8,1992
Daniel Phillips,M,94708,5,1997
Joseph Gonzalez,M,94708,3,2000
Andrew Baker,M,94709,4,1990
Carter Miller,M,94704,11,1997
Harper Lopez,F,94702,6,1996
David Wright,M,94704,8,1997
James Mitchell,M,94712,10,1993
Grayson Thompson,M,94701,3,1997
Mila Brown,F,94702,3,1998
Ava Edwards,F,94707,5,1991
Henry Perez,M,94707,2,1997
Noah Anderson,M,94705,12,1990
Harper Nelson,F,94709,10,1998
Abigail Lee,F,94706,8,1992
William Green,M,94704,6,2000
Luke Gonzalez,M,94704,6,1991
Alexander Lewis,M,94710,10,1993
Ava Carter,F,94705,5,1992
Jayden Perez,M,94706,9,1993
Emily Phillips,F,94702,1,1995
Mila Thompson,F,94712,7,1991
Mia Lopez,F,94703,6,2000
John Green,M,94702,9,1993
Jacob Gonzalez,M,94709,9,1990
Mila Miller,F,94709,6,1993
Jayden Campbell,M,94712,8,1996
John King,M,94708,1,1995
Matthew Roberts,M,94702,3,1991
Benjamin Carter,M,94706,4,1994
Ethan Brown,M,94703,7,1993
Mia White,F,94720,1,2000
Andrew Edwards,M,94709,8,1995
Sebastian Edwards,M,94706,11,1998
Ethan Scott,M,94704,8,1991
Isabella Hernandez,F,94720,9,1991
Grayson Lewis,M,94704,7,1992
Harper Carter,F,94705,5,1994
Benjamin King,M,94703,5,1995
Joseph Williams,M,94704,12,1999
Evelyn Thompson,F,94704,11,1991
Abigail Collins,F,94705,2,1993
Elizabeth Thompson,F,94703,6,1993
Carter Thomas,M,94706,3,1990
Mia Davis,F,94702,7,2000
Samuel White,M,94709,12,1996
Benjamin Johnson,M,94709,4,1991
James Brown,M,94708,3,1993
Ella Lewis,F,94710,4,1992
Alexander Nelson,M,94704,9,1999
Benjamin Davis,M,94703,1,1992
Jayden Scott,M,94720,4,1991
Carter Smith,M,94701,8,1998
Harper Clark,F,94705,2,1996
Olivia Allen,F,94712,11,1992
Benjamin Miller,M,94712,3,1996
Mila Anderson,F,94720,2,1996
Harper Perez,F,94705,8,1992
Matthew Miller,M,94720,7,2000
Grayson Walker,M,94712,7,2000
Liam Davis,M,94701,2,1995
Liam Allen,M,94704,6,1997
John Clark,M,94706,8,1991
Elizabeth Rodriguez,F,94709,11,1996
Lucas Anderson,M,94712,5,1996
Liam Lee,M,94707,1,1995
David Hill,M,94702,7,1990
Samuel Walker,M,94704,3,1999
Henry Brown,M,94720,3,1995
Noah Gonzalez,M,94705,8,2000
Mason Hall,M,94709,5,1992
Daniel Wright,M,94703,2,1999
Logan White,M,94707,12,1998
Charlotte Green,F,94705,8,1990
Mason Parker,M,94706,8,1992
Alexander Gonzalez,M,94705,10,1991
Owen Lee,M,94710,6,1995
Jayden Smith,M,94703,5,1994
Oliver King,M,94720,7,1999
Jayden Garcia,M,94709,10,1995
Luke Thomas,M,94702,9,1995
Joseph Anderson,M,94703,9,1993
Ella Williams,F,94704,11,1990
Abigail Turner,F,94703,11,1992
Emily Allen,F,94710,1,1993
David Rodriguez,M,94720,11,1994
Jacob Moore,M,94720,9,1996
Isabella Jones,F,94709,3,1997
John Roberts,M,94702,3,1991
Samuel Lopez,M,94708,5,1991
Emma Rodriguez,F,94703,10,1995
David Thompson,M,94720,1,1991
James Lee,M,94710,6,2000
Mason Hill,M,94707,1,1992
Luke Martin,M,94705,6,1997
Samuel Moore,M,94708,8,1994
Olivia Harris,F,94710,6,1992
Matthew Anderson,M,94709,5,1996
James Martin,M,94704,5,1999
Harper Evans,F,94704,10,1998
Michael Anderson,M,94705,1,1997
Amelia Moore,F,94701,6,1994
Samuel Nelson,M,94704,10,1998
Avery White,M,94703,1,1997
Carter Garcia,M,94710,11,1998
Elijah Hill,M,94708,5,1993
Henry Walker,M,94720,2,2000
Mila King,F,94707,6,1998
Carter Robinson,M,94710,2,1999
Liam Harris,M,94703,5,1992
Jackson Davis,M,94703,10,1997
Elizabeth Parker,F,94708,4,1991
Evelyn Johnson,F,94701,7,1998
Alexander Lopez,M,94712,10,1999
Dylan Collins,M,94712,4,2000
Henry Roberts,M,94702,11,1996
Grayson Perez,M,94702,7,2000
Aiden Robinson,M,94706,4,1992
Lucas Young,M,94705,9,1994
Emma Collins,F,94701,6,1996
David Wilson,M,94708,6,1994
William Miller,M,94720,7,1995
Benjamin Wright,M,94702,2,1992
Sebastian Baker,M,94703,3,1990
Dylan Garcia,M,94702,3,1991
Ava Clark,F,94703,9,1995
Liam Nelson,M,94720,1,1995
Mason Carter,M,94712,12,1992
Amelia Rodriguez,F,94709,6,1991
Logan Garcia,M,94706,6,1991
Noah Miller,M,94706,6,1998
Sebastian Thompson,M,94720,1,1990
Andrew Lopez,M,94703,5,1994
Mason King,M,94708,9,1993
Dylan Thomas,M,94704,3,1998
Benjamin White,M,94702,5,1993
Sebastian Garcia,M,94720,12,1999
Sophia Rodriguez,F,94704,2,1994
Elizabeth Turner,F,94705,6,1992
Amelia Johnson,F,94720,11,1991
Michael Turner,M,94702,1,1994
Abigail King,F,94703,1,1999
Grayson Miller,M,94712,11,1992
Ava Robinson,F,94704,9,1993
Logan Smith,M,94704,7,1995
Charlotte Perez,F,94710,3,1997
Ethan Walker,M,94704,6,1995
Evelyn Rodriguez,F,94702,8,1990
Evelyn Roberts,F,94712,8,1990
Elizabeth Adams,F,94702,5,1998
Jacob Lewis,M,94712,7,1997
Dylan Thompson,M,94705,11,1998
Luke Hernandez,M,94709,12,1999
Logan Edwards,M,94710,9,1990
Dylan Campbell,M,94705,6,1994
Liam Baker,M,94703,6,1994
Charlotte Campbell,F,94707,2,1991
Jayden Williams,M,94705,7,1996
Ava Wright,F,94709,8,1993
Logan Hall,M,94720,10,1992
Isabella Mitchell,F,94709,2,1991
Sebastian Miller,M,94706,5,1997
Grayson Phillips,M,94707,10,1998
Harper Garcia,F,94708,4,1993
Owen Robinson,M,94702,7,1993
Aiden Turner,M,94702,9,1992
Ethan Green,M,94720,6,1995
Sophia Brown,F,94705,12,1992
Owen Edwards,M,94703,4,1990
Lucas Phillips,M,94706,5,1998
James Martinez,M,94720,3,2000
Aiden Perez,M,94706,4,1994
Emma Turner,F,94708,1,1993
Jackson Roberts,M,94708,9,1998
Dylan Jackson,M,94705,7,1991
Alexander Green,M,94708,3,1994
Dylan Hall,M,94702,8,1991
Olivia Lewis,F,94703,6,1996
John Wilson,M,94702,7,1993
Dylan Davis,M,94703,8,1990
Lucas Thomas,M,94704,1,1997
Oliver Perez,M,94709,7,2000
William Jones,M,94708,3,1994
Matthew Phillips,M,94712,12,1997
Ava Scott,F,94704,2,2000
Matthew Walker,M,94708,1,1999
Henry Collins,M,94707,5,2000
Joseph Johnson,M,94701,5,1999
Sebastian Taylor,M,94708,11,1993
Wyatt Robinson,M,94702,4,1995
William Martinez,M,94706,3,1996
James Clark,M,94705,2,2000
Ava Roberts,F,94702,6,1992
Ava White,F,94706,11,1996
Benjamin Moore,M,94708,5,1993
Alexander Lee,M,94710,8,1995
Mila Thomas,F,94706,5,1994
David Johnson,M,94708,4,1995
Emma Gonzalez,F,94701,6,1995
Luke Turner,M,94705,4,2000
Daniel King,M,94702,11,1998
Charlotte Rodriguez,F,94707,12,1997
Ella Perez,F,94720,10,1995
Dylan Anderson,M,94704,12,1991
Oliver Allen,M,94702,7,1991
Mia Wright,F,94709,12,1999
Carter Perez,M,94708,7,1991
Abigail Hall,F,94710,4,1996
Aiden Hall,M,94708,9,1993
Wyatt Garcia,M,94702,3,1995
Daniel Lewis,M,94710,7,1997
Jackson Rodriguez,M,94703,9,1996
Noah White,M,94707,8,1996
Lucas Wright,M,94705,11,1999
Mia Williams,F,94701,12,1995
Avery Campbell,M,94705,12,1996
Mason Campbell,M,94705,7,1997
Mila Rodriguez,F,94705,11,2000
Elizabeth Smith,F,94709,5,1998
Joseph Miller,M,94712,1,1993
Samuel Lewis,M,94701,8,1997
Aiden Campbell,M,94705,7,1997
Mason Jackson,M,94720,8,1990
Ethan Lee,M,94702,6,2000
Harper Jackson,F,94712,5,1997
Henry Adams,M,94720,2,1993
David Walker,M,94704,11,1990
Daniel Nelson,M,94707,10,2000
Emily Martinez,F,94702,5,1991
Liam Adams,M,94709,5,1990
Avery Thomas,M,94709,9,1993
Olivia White,F,94706,5,2000
Isabella Harris,F,94703,5,1994
Logan Allen,M,94703,4,1997
Avery Roberts,M,94708,12,1992
Abigail Moore,F,94720,12,1999
Benjamin Adams,M,94720,3,1996
Jacob Miller,M,94707,4,1997
Jacob Jackson,M,94720,4,1995
Emma Lopez,F,94702,7,2000
Olivia Davis,F,94702,3,1993
Joseph Lee,M,94705,3,1996
Owen Campbell,M,94705,10,1996
William Carter,M,94709,3,1994
Grayson Gonzalez,M,94706,7,1994
David Taylor,M,94704,7,1998
David Lee,M,94707,7,1991
Grayson Mitchell,M,94712,5,1998
Joseph Roberts,M,94709,11,1995
Benjamin Turner,M,94720,3,1992
Matthew Edwards,M,94705,9,2000
Carter Phillips,M,94702,10,1990
Lucas Edwards,M,94707,9,1991
Henry Turner,M,94708,5,1990
David Phillips,M,94705,9,1993
Grayson Smith,M,94703,3,1999
Michael Hall,M,94703,6,1995
Ava Jones,F,94705,4,1994
Noah Thomas,M,94705,10,1997
Ava Collins,F,94708,5,1993
Ava Adams,F,94720,4,1999
Sophia Scott,F,94720,9,1997
Grayson Jackson,M,94703,4,1991
Luke Williams,M,94705,12,1992
James Parker,M,94720,8,1999
Jayden Brown,M,94703,9,1998
Ava Davis,F,94708,6,1991
Oliver Parker,M,94712,1,1997
Ava Hernandez,F,94703,2,1997
Aiden Smith,M,94720,9,2000
Elijah Anderson,M,94708,2,1997
David Turner,M,94720,1,1991
Emily Mitchell,F,94709,8,1995
Owen Davis,M,94707,7,1999
Michael Brown,M,94701,8,1995
Alexander Perez,M,94701,7,1998
Wyatt Harris,M,94704,5,1995
Wyatt Scott,M,94705,11,1997
Lucas Taylor,M,94720,4,2000
Alexander Williams,M,94720,7,1990
Abigail Hill,F,94720,6,1997
Michael Carter,M,94712,7,2000
Alexander Martin,M,94703,7,1996
Jayden Lee,M,94705,2,1996
Olivia Roberts,F,94712,10,1996
Elijah Scott,M,94710,4,1995
Abigail Williams,F,94712,12,1990
Oliver Thompson,M,94712,5,2000
Carter Edwards,M,94701,1,1991
Sophia Wilson,F,94712,6,1999
Elizabeth Harris,F,94707,8,1993
Mila Jackson,F,94705,7,1991
Elijah Campbell,M,94708,11,2000
Isabella Smith,F,94701,12,1995
Andrew Jones,M,94712,1,1990
Ethan Nelson,M,94720,9,1990
Luke Collins,M,94703,1,2000
Ella Mitchell,F,94720,2,1993
Daniel Martinez,M,94701,9,2000
Evelyn Young,F,94701,4,1990
Abigail Johnson,F,94708,6,1997
Charlotte Martinez,F,94706,9,1999
Ethan Gonzalez,M,94709,9,1997
Jayden Moore,M,94708,4,1990
Andrew Brown,M,94712,8,1998
Matthew Rodriguez,M,94705,12,1998
Jack Nelson,M,94705,4,1994
Mia Hernandez,F,94707,6,1990
Liam Campbell,M,94703,12,1997
Owen Carter,M,94707,6,1993
John Martinez,M,94712,10,1998
Liam Collins,M,94703,4,2000
Grayson Edwards,M,94705,7,1995
Jayden Jones,M,94704,10,1999
David Young,M,94710,6,1998
Joseph Thomas,M,94704,6,1997
Alexander Jackson,M,94704,9,1997
Isabella Lopez,F,94707,5,1992
Michael Hernandez,M,94706,2,1995
Daniel Gonzalez,M,94702,7,1995
Oliver Evans,M,94702,2,1995
Henry Thompson,M,94707,2,1995
Olivia Brown,F,94703,2,1997
Charlotte Evans,F,94701,12,1994
Elijah Lee,M,94703,10,1990
Luke Carter,M,94701,12,1994
William Martin,M,94703,6,1992
David Collins,M,94707,8,1992
Daniel Martin,M,94701,1,1993
Elijah Hernandez,M,94701,2,1990
Jackson Wright,M,94707,12,1992
Daniel Collins,M,94703,9,1995
Jack Green,M,94720,7,1999
Aiden Miller,M,94712,12,1999
Isabella Wilson,F,94704,11,1996
Daniel Roberts,M,94702,3,1993
Samuel Williams,M,94706,1,2000
Avery Wright,M,94704,7,1992
Amelia Parker,F,94705,10,1992
Benjamin Robinson,M,94701,11,1997
James Adams,M,94701,7,1996
Joseph Edwards,M,94720,8,1997
Emily Evans,F,94706,5,1993
Jayden Robinson,M,94709,7,1994
David Miller,M,94706,7,1995
David Perez,M,94704,2,1991
Sophia Edwards,F,94702,7,1992
Aiden Edwards,M,94708,9,1992
Ethan Allen,M,94706,7,1993
Joseph Wilson,M,94708,7,1992
Ethan Davis,M,94704,1,1991
Mia Nelson,F,94702,11,1991
Jackson Jackson,M,94709,5,1993
Amelia Turner,F,94701,2,1998
Ethan Robinson,M,94720,12,1991
Jackson Allen,M,94703,12,2000
Mila Jones,F,94712,8,1995
Jayden Harris,M,94709,3,1991
Mason Garcia,M,94703,3,1992
Andrew Gonzalez,M,94702,11,1990
Sophia Clark,F,94701,3,1991
Liam Miller,M,94705,3,1991
Owen Lopez,M,94708,3,1990
Abigail White,F,94706,11,1991
Mia Miller,F,94703,5,1995
Noah Thompson,M,94701,4,2000
Elijah Robinson,M,94710,12,1998
Logan Moore,M,94701,4,1994
Harper Hernandez,F,94712,10,1999
Liam King,M,94706,10,1994
Ethan Garcia,M,94710,4,1997
Mia Jackson,F,94706,12,1996
Samuel Harris,M,94707,4,1997
Abigail Thomas,F,94712,12,2000
Olivia Robinson,F,94710,12,1997
Mila Baker,F,94720,7,1992
Henry Wilson,M,94707,12,1991
Andrew Campbell,M,94712,2,2000
Charlotte Lewis,F,94707,3,1994
Mila Collins,F,94706,11,1994
John Garcia,M,94720,7,1992
John Perez,M,94708,2,1990
Luke Brown,M,94712,9,1990
Elizabeth Roberts,F,94720,11,1994
Henry Nelson,M,94702,4,1991
Amelia Hernandez,F,94707,8,1990
Avery Nelson,M,94704,4,1998
Owen Perez,M,94701,3,1998
Samuel Lee,M,94704,6,1995
Elizabeth Hall,F,94706,6,1994
Michael Martin,M,94710,8,2000
Harper Harris,F,94704,10,1993
Lucas Martinez,M,94708,3,1996
William Moore,M,94702,9,1997
Harper Thompson,F,94710,9,1991
John Evans,M,94707,7,2000
Jacob Roberts,M,94706,4,1993
Sophia Garcia,F,94705,6,1992
Michael Mitchell,M,94704,12,1992
Dylan Harris,M,94707,12,1999
Daniel Thompson,M,94710,8,1999
Isabella Lee,F,94707,8,1990
Abigail Taylor,F,94709,8,1999
Alexander Harris,M,94707,1,1990
Ethan Smith,M,94704,3,1992
Emma Scott,F,94710,7,1992
Joseph Walker,M,94704,7,1993
Grayson White,M,94705,2,2000
Jayden Hernandez,M,94709,7,1993
David Smith,M,94710,9,1998
Grayson Jones,M,94710,2,2000
Ella Lopez,F,94705,1,1997
Evelyn Walker,F,94709,7,2000
Aiden Allen,M,94710,10,1997
Jack Rodriguez,M,94712,10,1993
Olivia Lopez,F,94704,2,1991
Alexander Miller,M,94701,12,1996
Charlotte Wilson,F,94701,5,1994
Avery Taylor,M,94705,12,1990
Ethan Thomas,M,94708,6,2000
David Nelson,M,94701,7,2000
Wyatt Wright,M,94706,3,1996
Mia Baker,F,94706,11,1996
Mia Martinez,F,94706,3,1995
Harper Moore,F,94708,3,1990
Jacob Adams,M,94708,8,1997
Henry Parker,M,94703,10,1991
Joseph Harris,M,94705,10,1999
Joseph Garcia,M,94712,6,1996
Amelia Green,F,94709,9,1993
William Davis,M,94712,9,1999
Avery Jones,M,94720,6,1995
Matthew Moore,M,94701,12,1996
William Hill,M,94703,10,1997
Evelyn Evans,F,94720,8,2000
Grayson Baker,M,94712,12,1994
Emily Wilson,F,94705,11,1999
Sebastian Turner,M,94712,4,1996
Emma Garcia,F,94705,5,1996
Ethan Turner,M,94704,8,1993
Logan Wilson,M,94709,9,2000
Mila Moore,F,94704,2,1994
Daniel Perez,M,94702,10,2000
Sophia Evans,F,94703,1,1997
Isabella Moore,F,94703,4,2000
Ella Turner,F,94703,5,1995
Dylan Walker,M,94720,2,1992
Matthew Lewis,M,94703,12,1990
Logan Perez,M,94706,3,1992
Andrew Thompson,M,94708,3,1994
Isabella Davis,F,94708,6,1993
Elijah Moore,M,94708,1,1990
Alexander Edwards,M,94712,4,1994
Carter Thompson,M,94709,11,1994
Harper Jones,F,94702,8,1995
Daniel Carter,M,94720,1,1995
Jack Garcia,M,94720,6,1992
Benjamin Baker,M,94708,10,1993
Charlotte Wright,F,94702,2,1994
Benjamin Lewis,M,94704,5,2000
Owen Allen,M,94702,1,1998
Elijah Clark,M,94701,9,1995
Luke Adams,M,94709,10,1996
Andrew Young,M,94707,6,1998
Amelia Thomas,F,94710,12,1997
Ava Miller,F,94708,12,1990
Carter Lee,M,94708,5,2000
Sebastian Adams,M,94712,12,1996
Wyatt Phillips,M,94701,9,1998
Samuel Scott,M,94709,7,2000
Matthew Harris,M,94720,2,1992
Owen Evans,M,94720,12,1990
Evelyn Robinson,F,94701,12,2000
Luke Green,M,94703,6,1994
Carter Hernandez,M,94707,10,1991
Ella Evans,F,94707,4,1993
Olivia Anderson,F,94712,2,1997
Jayden Young,M,94702,9,1996
David Clark,M,94706,2,1994
Grayson Allen,M,94706,1,1996
Lucas Rodriguez,M,94720,10,1997
Wyatt Lopez,M,94708,3,1990
Ella Clark,F,94720,12,1997
Jayden Green,M,94705,9,1999
John Hernandez,M,94704,9,1999
Carter Evans,M,94712,11,1991
Dylan Perez,M,94701,12,1990
Ethan White,M,94709,1,1996
Elijah Mitchell,M,94707,8,2000
Carter Roberts,M,94705,7,1997
Evelyn Hernandez,F,94706,4,1995
Daniel Edwards,M,94701,7,1999
Samuel Thompson,M,94702,9,1998
Mason Evans,M,94707,7,1999
Noah Martin,M,94706,4,1999
David Anderson,M,94702,11,2000
Jack Martinez,M,94720,7,1995
Noah Allen,M,94710,3,1995
Jacob Parker,M,94701,8,1990
Luke King,M,94705,10,1991
Harper King,F,94705,11,1992
William Clark,M,94720,11,1990
Olivia Moore,F,94708,10,1990
Matthew Garcia,M,94701,9,1993
Sebastian Lopez,M,94701,7,1992
Liam Hall,M,94707,12,1995
Jacob Brown,M,94706,4,1993
Charlotte Thompson,F,94710,4,1996
Amelia Lopez,F,94709,8,1998
Sebastian Scott,M,94705,3,1990
Emma Lee,F,94709,6,1991
Luke Davis,M,94709,6,1990
Andrew Phillips,M,94710,7,1990
Logan Carter,M,94704,2,1999
Owen Adams,M,94707,1,1998
Matthew Parker,M,94704,10,1996
Joseph Baker,M,94702,2,1993
Luke Evans,M,94712,3,1990
Matthew Taylor,M,94701,3,1996
Noah Martinez,M,94707,6,2000
Evelyn Lopez,F,94702,11,2000
Mila Williams,F,94706,11,1999
Elijah Wilson,M,94704,9,1995
Andrew Green,M,94708,5,1994
Matthew Wilson,M,94710,1,1994
Harper Green,F,94708,7,1990
Logan Hernandez,M,94709,11,1993
Owen Mitchell,M,94702,2,1990
Oliver Roberts,M,94710,3,1999
Mason Martin,M,94710,9,2000
Ethan Adams,M,94709,5,1994
Alexander Hernandez,M,94720,11,1992
Lucas Walker,M,94704,10,1991
Andrew Turner,M,94706,6,1997
Sophia Parker,F,94707,8,2000
Joseph Carter,M,94702,11,1991
Owen Hernandez,M,94720,12,1999
Alexander Walker,M,94703,5,1999
Sophia Hall,F,94704,4,1998
Avery Moore,M,94709,2,1991
Jackson Moore,M,94708,3,1995
Jack Anderson,M,94707,3,1998
Harper Taylor,F,94707,12,1993
Emily Martin,F,94709,10,1997
Michael Nelson,M,94704,10,1995
Logan Evans,M,94708,7,1998
Isabella Young,F,94704,7,1996
Sebastian Brown,M,94712,5,1996
Aiden Williams,M,94703,7,1995
Emily Edwards,F,94710,11,1994
Lucas Smith,M,94706,8,1992
Owen Baker,M,94720,2,1992
Noah Moore,M,94710,6,1994
Avery Hernandez,M,94720,7,1998
Samuel Carter,M,94709,11,1998
Emily Carter,F,94720,11,2000
Amelia Robinson,F,94712,3,1999
Emma Davis,F,94710,10,1992
James Garcia,M,94701,2,1995
Ethan Rodriguez,M,94701,1,1990
Jackson Walker,M,94703,11,1998
Isabella Martin,F,94720,9,1990
Ethan Wright,M,94707,8,1997
Abigail Rodriguez,F,94712,2,2000
Henry Davis,M,94707,3,1995
Logan Turner,M,94707,7,1995
Lucas Robinson,M,94706,5,1991
William Allen,M,94705,12,1990
John Hall,M,94706,1,1995
Henry Campbell,M,94705,12,1995
Sophia Walker,F,94720,4,1997
David Green,M,94708,12,1990
Henry Mitchell,M,94710,9,1991
Isabella Williams,F,94708,3,1990
Alexander Hall,M,94704,1,2000
John Nelson,M,94709,8,1993
Mila Martin,F,94706,8,1995
Evelyn Smith,F,94705,6,1992
Mason Young,M,94720,4,1998
Jacob Baker,M,94709,4,1991
James Lopez,M,94706,12,2000
Grayson Parker,M,94712,11,1999
Ethan Edwards,M,94701,7,1991
Dylan Brown,M,94706,8,1994
Mila Wright,F,94701,4,1996
Lucas Clark,M,94710,8,1999
Ethan Carter,M,94707,4,1997
Jackson Johnson,M,94707,5,1992
Logan Collins,M,94701,9,1996
Henry Martin,M,94712,6,1995
Harper Adams,F,94708,9,1990
Jackson Clark,M,94712,9,1990
Amelia Gonzalez,F,94706,4,1995
Logan Rodriguez,M,94710,2,1993
David Garcia,M,94701,12,2000
James Evans,M,94707,9,1999
Joseph Green,M,94701,9,1997
Mason Wilson,M,94710,3,1993
Abigail Baker,F,94707,7,1990
William Mitchell,M,94712,6,1997
Liam Brown,M,94702,8,1996
David Adams,M,94706,11,1995
Emily Clark,F,94720,2,1991
Carter White,M,94720,2,1990
Isabella Taylor,F,94720,2,1999
Ava Taylor,F,94707,5,1991
Harper White,F,94704,1,1997
Carter Gonzalez,M,94707,7,1992
Abigail Jackson,F,94702,6,1997
Lucas Garcia,M,94712,3,1994
Grayson Roberts,M,94705,11,1990
Liam Lewis,M,94710,11,1995
Emma Wilson,F,94701,11,2000
Sophia Moore,F,94710,11,1997
Sophia Campbell,F,94705,4,1992
Wyatt Young,M,94702,10,1996
Emily Lopez,F,94702,9,1996
Emily Campbell,F,94707,3,1990
Luke Taylor,M,94701,7,1994
Amelia Lewis,F,94701,11,1999
John Lopez,M,94706,9,1992
Elizabeth Phillips,F,94707,9,2000
Logan Hill,M,94701,2,1992
Ella Hernandez,F,94704,9,1992
Henry Lopez,M,94709,8,1995
Mia Hall,F,94706,10,1998
Matthew Smith,M,94720,10,1993
Wyatt Brown,M,94707,10,2000
Ella Miller,F,94701,8,1995
Sebastian Hernandez,M,94708,4,1995
Aiden Clark,M,94707,6,1992
Henry Gonzalez,M,94705,10,1995
Abigail Parker,F,94702,3,1994
Jack White,M,94706,2,1999
Daniel Miller,M,94710,5,1995
Avery Adams,M,94701,9,2000
Jackson Smith,M,94703,10,1995
Avery Perez,M,94712,5,1992
Lucas White,M,94707,4,1993
Avery Smith,M,94712,9,2000
Elizabeth Walker,F,94701,5,1994
Jackson Young,M,94702,9,1997
Abigail Miller,F,94704,12,1999
Jacob White,M,94706,10,1991
Samuel Collins,M,94705,8,1998
Dylan Edwards,M,94710,12,1996
Evelyn Phillips,F,94710,11,1994
Sebastian Clark,M,94706,11,1992
Oliver Adams,M,94705,2,1997
Aiden Green,M,94706,3,1993
Sophia Harris,F,94702,11,1997
Alexander Scott,M,94703,2,1999
Grayson Thomas,M,94703,11,1999
Andrew Johnson,M,94708,3,1998
Joseph Hernandez,M,94706,7,1990
Jacob Davis,M,94704,9,1993
Elijah Miller,M,94720,6,1998
Owen Brown,M,94701,8,1991
Sebastian Lee,M,94705,10,1998
Alexander White,M,94720,8,1998
Mila Campbell,F,94709,11,1997
Oliver Baker,M,94704,12,1993
Wyatt Carter,M,94720,11,2000
Emma Williams,F,94705,5,1997
Owen Smith,M,94702,12,1998
Emma Jackson,F,94706,6,1993
Michael Green,M,94710,10,1998
Grayson Moore,M,94708,9,1995
Oliver Davis,M,94709,6,1997
Jackson Lopez,M,94703,6,1999
Avery Thompson,M,94709,5,1998
Avery Robinson,M,94710,3,1995
Elijah Martinez,M,94708,6,1991
Sophia Anderson,F,94709,7,1993
Grayson Clark,M,94710,9,1991
Liam Thompson,M,94706,11,1999
Ethan Martinez,M,94702,2,1996
Ava Rodriguez,F,94712,11,1992
Isabella Martinez,F,94712,4,1991
Jack Williams,M,94720,12,1995
Alexander Taylor,M,94704,4,1997
James Rodriguez,M,94702,1,1992
William Hall,M,94704,9,1999
Alexander Allen,M,94702,6,1997
Wyatt Clark,M,94708,6,1998
Aiden Thomas,M,94705,4,1990
Elizabeth Martin,F,94709,6,1996
Isabella Collins,F,94704,9,1991
Logan Baker,M,94705,7,1997
Wyatt Smith,M,94706,12,2000
Emma Thompson,F,94706,7,1992
Mason Lewis,M,94707,1,1999
Emma Thomas,F,94709,9,1994
Benjamin Phillips,M,94720,7,1990
Olivia Thompson,F,94701,8,2000
Luke Garcia,M,94707,7,1991
Elizabeth Martinez,F,94706,1,1994
Lucas King,M,94710,10,1991
John Parker,M,94720,1,1995
Andrew Perez,M,94701,5,1990
Sebastian King,M,94701,3,2000
Mila Lewis,F,94720,8,1993
Grayson King,M,94708,1,1997
Avery Hill,M,94704,1,1992
Michael Jackson,M,94712,7,1994
Daniel Allen,M,94703,2,1994
Jacob Martinez,M,94707,9,1993
James Smith,M,94702,9,1996
Emma Hall,F,94709,4,1994
Michael Baker,M,94706,9,1991
Emma Brown,F,94704,11,1998
Sebastian Martinez,M,94720,4,1997
Oliver Smith,M,94701,10,1991
Mason Robinson,M,94708,2,2000
Jackson Garcia,M,94708,7,1992
Emma Hernandez,F,94707,12,2000
Jackson Carter,M,94703,7,1991
Harper Davis,F,94708,6,1991
Elizabeth White,F,94707,11,1997
Noah Adams,M,94709,3,1994
Jayden Thompson,M,94706,7,1994
Michael Taylor,M,94701,11,1992
Ava Brown,F,94706,8,1996
Daniel Jackson,M,94702,9,1994
Michael White,M,94707,5,1991
Matthew Jackson,M,94710,9,1997
Michael Moore,M,94707,9,1990
Liam Anderson,M,94705,12,2000
Mia Green,F,94703,2,1998
Ethan Perez,M,94712,4,1997
Jack Gonzalez,M,94701,8,1996
Joseph Robinson,M,94701,1,1999
Joseph Rodriguez,M,94704,11,2000
Henry Green,M,94707,8,1995
Sebastian Williams,M,94705,9,1996
Isabella Jackson,F,94708,9,1999
William Johnson,M,94707,3,1999
Avery Evans,M,94703,10,2000
Ava Allen,F,94707,3,1994
Mason Green,M,94702,7,1994
Abigail Harris,F,94708,2,1991
Liam Phillips,M,94701,9,1998
Emily Jones,F,94703,7,1994
Sebastian Moore,M,94701,2,1993
Ella Robinson,F,94703,6,1999
Logan Roberts,M,94701,1,1991
Evelyn Miller,F,94704,2,1994
Carter Walker,M,94702,6,1996
Elijah Thompson,M,94720,9,1997
Matthew Robinson,M,94701,6,2000
Daniel Hall,M,94701,10,1999
Ella Phillips,F,94705,5,1995
Ella Lee,F,94710,1,1992
Ava Smith,F,94712,8,1999
Amelia Clark,F,94709,1,1998
Daniel Baker,M,94709,8,1998
Grayson Collins,M,94710,3,1998
Andrew Miller,M,94720,2,1991
James Wilson,M,94706,3,1999
Alexander Davis,M,94704,7,1999
Dylan Clark,M,94702,5,1996
Abigail Robinson,F,94706,3,1991
Aiden Roberts,M,94708,1,1995
Ella Jackson,F,94710,9,2000
Joseph White,M,94701,5,1994
Luke Jackson,M,94712,5,1996
Avery Walker,M,94702,8,1991
Mia Johnson,F,94709,5,1996
Mia Hill,F,94720,11,1990
Lucas Williams,M,94701,10,1994
Lucas Roberts,M,94705,11,2000
Oliver Jackson,M,94705,7,1991
Harper Miller,F,94706,1,1997
Elijah Nelson,M,94701,1,1997
Benjamin Jackson,M,94720,6,1991
Luke Young,M,94705,12,2000
Jacob Harris,M,94702,12,2000
Charlotte King,F,94712,2,1992
Abigail Carter,F,94710,11,1993
Alexander Wright,M,94708,2,1991
James Carter,M,94709,10,1991
Elizabeth Campbell,F,94706,4,1990
Dylan Martin,M,94709,4,1998
Elizabeth Baker,F,94702,3,1997
Jayden Rodriguez,M,94720,5,1991
John Turner,M,94701,2,1996
Aiden Johnson,M,94705,3,1993
Sophia Martin,F,94709,11,1994
Alexander Brown,M,94702,7,1992
Noah Garcia,M,94704,3,1997
Mia Adams,F,94706,3,1990
Abigail Campbell,F,94704,12,1998
Emma Robinson,F,94704,2,1995
Benjamin Campbell,M,94706,8,1999
Noah Lewis,M,94712,4,1995
Charlotte Walker,F,94708,4,1995
Ella Scott,F,94710,3,1996
Olivia Rodriguez,F,94705,6,1994
John Collins,M,94709,2,1997
Liam Martin,M,94702,5,2000
Daniel Jones,M,94710,6,1999
Michael Thomas,M,94710,6,1995
Jack Edwards,M,94702,1,1998
Sophia Perez,F,94703,8,1997
Mila Adams,F,94720,12,1991
Jacob Garcia,M,94701,4,1991
David Campbell,M,94709,7,1998
Alexander Campbell,M,94705,8,1994
Charlotte Thomas,F,94706,2,1999
Benjamin Gonzalez,M,94702,5,1994
Samuel Jones,M,94710,8,1994
Benjamin Nelson,M,94710,12,1990
Grayson Hernandez,M,94705,2,1998
William Roberts,M,94706,1,1993
Amelia Wright,F,94703,2,1993
Harper Wright,F,94704,4,1994
Jacob Perez,M,94702,2,1993
Luke Wright,M,94703,1,2000
Daniel Evans,M,94701,9,1990
John Jones,M,94708,1,1991
Oliver Lee,M,94705,6,1991
Ethan Hall,M,94710,12,1991
Daniel Taylor,M,94706,9,1994
Evelyn Turner,F,94706,5,1997
Jack Moore,M,94709,7,1990
Liam Young,M,94712,5,1999
Ava Hall,F,94707,11,1991
James Allen,M,94701,12,1992
William Phillips,M,94703,3,1993
Jacob Scott,M,94709,6,1992
Daniel Robinson,M,94702,8,1994
Noah Scott,M,94702,3,1995
Jacob Green,M,94720,2,1998
Elijah Adams,M,94701,10,1996
John Robinson,M,94701,1,1997
John Adams,M,94704,9,1992
Emma White,F,94703,3,1996
Elijah Taylor,M,94705,1,1997
Mason Adams,M,94720,5,1999
Jackson Miller,M,94704,6,1991
Abigail Nelson,F,94701,3,1990
Owen Jones,M,94703,10,2000
Andrew Mitchell,M,94708,3,1991
Aiden Harris,M,94709,10,1991
Mia Perez,F,94705,1,1991
Benjamin Collins,M,94702,10,1994
Oliver Campbell,M,94702,2,1990
Logan Walker,M,94701,9,1999
Olivia Gonzalez,F,94701,8,1991
Jackson King,M,94706,1,1998
Oliver Walker,M,94706,3,1993
Olivia Green,F,94708,9,1993
Jack Thompson,M,94706,3,1991
Luke Phillips,M,94720,4,1991
Elizabeth Miller,F,94720,1,1994
Avery Allen,M,94706,6,1998
Liam Evans,M,94705,10,1990
Ava Jackson,F,94720,6,1990
Sophia White,F,94707,4,1993
Daniel Harris,M,94703,4,1999
Carter Hall,M,94702,5,1997
Mila Clark,F,94706,12,1996
Mila Johnson,F,94703,8,1994
Ethan Clark,M,94705,2,1990
John Miller,M,94704,11,1999
Dylan Nelson,M,94704,9,1994
Dylan Lewis,M,94707,9,1995
Michael Parker,M,94703,12,2000
Samuel Evans,M,94710,2,1997
Emily Nelson,F,94712,5,1991
Logan Jones,M,94706,4,2000
Noah Green,M,94702,7,1997
Jackson Martin,M,94701,2,1996
Ava Young,F,94705,11,1994
Samuel Wilson,M,94706,5,1991
Benjamin Harris,M,94708,4,2000
Sophia Lopez,F,94708,11,1994
Elizabeth Wright,F,94705,6,1991
Charlotte Hall,F,94707,7,1991
Sophia Adams,F,94702,2,1992
Matthew Hernandez,M,94706,8,2000
Mia Thomas,F,94709,12,2000
Isabella King,F,94712,4,1993
Luke Nelson,M,94707,12,2000
Luke Perez,M,94706,9,1992
Evelyn Brown,F,94707,9,1991
Andrew Harris,M,94701,10,1992
Abigail Evans,F,94706,6,2000
Wyatt Thompson,M,94706,3,2000
Elijah Baker,M,94708,2,1998
David Lewis,M,94705,10,1996
Ava Thomas,F,94708,4,1992
Matthew Scott,M,94707,1,1997
Olivia Young,F,94705,10,1991
Ethan Hernandez,M,94705,1,1993
William Thompson,M,94704,7,1995
Amelia Davis,F,94701,9,1995
Noah Johnson,M,94701,2,1990
Mason Baker,M,94702,4,1990
Jack Turner,M,94709,12,1999
John Phillips,M,94707,12,1994
Sebastian Hill,M,94708,12,1993
Ava Perez,F,94702,1,2000
Emma Parker,F,94704,6,1996
Emily Parker,F,94708,3,1993
Grayson Lopez,M,94703,5,1996
Amelia Edwards,F,94701,11,2000
Benjamin Perez,M,94702,11,1990
Emma Jones,F,94701,9,1994
Ella Wilson,F,94705,10,1992
Elizabeth Nelson,F,94709,12,1995
Daniel Campbell,M,94712,9,1999
James Roberts,M,94703,2,1994
Avery Jackson,M,94709,7,1997
Jackson Baker,M,94720,10,1996
Alexander Anderson,M,94705,2,1994
Benjamin Jones,M,94712,12,1995
Luke Wilson,M,94712,9,2000
Mia Phillips,F,94707,12,1990
Ella White,F,94709,2,1990
Samuel Turner,M,94701,6,1993
Ella Gonzalez,F,94704,6,1995
Grayson Anderson,M,94710,12,1996
Joseph Parker,M,94707,6,1996
Olivia Hall,F,94704,2,1994
Ella Collins,F,94702,11,1999
Elizabeth Lewis,F,94708,7,1995
Avery King,M,94703,8,1998
James Hernandez,M,94705,12,1994
Logan Davis,M,94706,10,1993
Owen Roberts,M,94705,9,2000
Sebastian Young,M,94704,12,1998
Evelyn Hill,F,94707,10,1994
Joseph Lewis,M,94707,6,1994
Carter Scott,M,94705,4,1992
Michael Miller,M,94701,7,1992
Mason White,M,94708,5,1994
Harper Rodriguez,F,94703,7,1992
Jacob Phillips,M,94710,8,1992
Andrew Allen,M,94720,3,1999
Evelyn Parker,F,94712,11,1994
Matthew Evans,M,94710,7,1995
Henry Jones,M,94702,9,2000
Emily Baker,F,94707,11,1991
Sebastian Lewis,M,94704,9,1999
Liam Gonzalez,M,94701,1,1995
Logan Jackson,M,94705,2,1998
Michael Robinson,M,94706,11,2000
Benjamin Taylor,M,94703,11,1998
Sebastian Rodriguez,M,94705,8,1997
Amelia Mitchell,F,94708,11,1998
Owen Gonzalez,M,94707,2,1992
Abigail Thompson,F,94709,4,1992
Lucas Hall,M,94703,12,1994
William Lopez,M,94705,11,1996
Jayden Johnson,M,94709,5,1991
Mia Clark,F,94703,11,1998
Jacob Young,M,94704,10,1999
Ella Carter,F,94702,6,1998
Oliver Phillips,M,94701,6,1997
Jack Lopez,M,94706,10,1995
Aiden Walker,M,94705,9,1997
John Thomas,M,94710,9,2000
Matthew Martinez,M,94710,2,1995
Elizabeth Hernandez,F,94709,6,1995
Liam Garcia,M,94708,10,1993
Charlotte Mitchell,F,94701,1,2000
Alexander Parker,M,94720,10,1997
Samuel Adams,M,94708,9,1995
Emma King,F,94712,5,1990
Mason Nelson,M,94701,12,2000
Emma Martin,F,94708,3,1998
Owen Nelson,M,94705,7,1996
Matthew Hall,M,94702,3,1993
Logan Taylor,M,94710,12,1990
Owen White,M,94710,2,2000
Jack Lewis,M,94720,7,1996
James Jackson,M,94701,4,2000
Olivia Martin,F,94705,9,1994
Avery Gonzalez,M,94712,8,1998
Logan Miller,M,94704,1,1999
William Robinson,M,94704,10,1998
James Williams,M,94702,6,1992
Dylan Williams,M,94707,4,1992
Elizabeth Lee,F,94702,7,1994
Carter Adams,M,94707,8,1998
Jackson Wilson,M,94709,12,1995
Henry Harris,M,94704,3,1990
Harper Edwards,F,94701,3,1992
Henry Hall,M,94708,4,1995
Amelia Adams,F,94709,7,2000
Sophia Hill,F,94704,3,1990
Daniel Wilson,M,94703,4,1999
Logan Martinez,M,94706,3,1998
David Scott,M,94705,8,1998
